Workbook

Sheet Find MultiCast Channel
A2: Enter LW CH# | B2: Associated Multicast Address
B3: ='LW Calc'!G3 -> 239.192.0.0
B4: ='LW Calc'!G4 -> 239.192.0.0
B5: ='LW Calc'!G5 -> 239.192.0.0
B6: ='LW Calc'!G6 -> 239.192.0.0
B7: ='LW Calc'!G7 -> 239.192.0.0
B8: ='LW Calc'!G8 -> 239.192.0.0
B9: ='LW Calc'!G9 -> 239.192.0.0
B10: ='LW Calc'!G10 -> 239.192.0.0
B11: ='LW Calc'!G11 -> 239.192.0.0
B12: ='LW Calc'!G12 -> 239.192.0.0
B13: ='LW Calc'!G13 -> 239.192.0.0
B14: ='LW Calc'!G14 -> 239.192.0.0
... B27: ='LW Calc'!G27 -> 239.192.0.0

Sheet Find LW Channel
A2: Enter the Multicast IP Address | B2: Associated LW Channel Num
B3: ='LW Calc'!D3 -> #VALUE!
B4: ='LW Calc'!D4 -> #VALUE!
B5: ='LW Calc'!D5 -> #VALUE!
B6: ='LW Calc'!D6 -> #VALUE!
B7: ='LW Calc'!D7 -> #VALUE!
B8: ='LW Calc'!D8 -> #VALUE!
B9: ='LW Calc'!D9 -> #VALUE!
B10: ='LW Calc'!D10 -> #VALUE!
B11: ='LW Calc'!D11 -> #VALUE!
B12: ='LW Calc'!D12 -> #VALUE!
B13: ='LW Calc'!D13 -> #VALUE!
B14: ='LW Calc'!D14 -> #VALUE!
... B27: ='LW Calc'!D27 -> #VALUE!

Sheet WO IP Message
A2: Destination Number | B2: LW Source Number | C2: AXIA Password | D2: WO IP Message \x0a | E2: WO IP Message \x0D | F2: Functional Description
D3: ='LW Calc'!W3 -> LOGIN \x0aDST 0 ADDR:"239.192.0.0"\x0a | E3: ='LW Calc'!X3 -> LOGIN \x0DDST 0 ADDR:"239.192.0.0"\x0D
D4: ='LW Calc'!W4 -> LOGIN \x0aDST 0 ADDR:"239.192.0.0"\x0a | E4: ='LW Calc'!X4 -> LOGIN \x0DDST 0 ADDR:"239.192.0.0"\x0D
D5: ='LW Calc'!W5 -> LOGIN \x0aDST 0 ADDR:"239.192.0.0"\x0a | E5: ='LW Calc'!X5 -> LOGIN \x0DDST 0 ADDR:"239.192.0.0"\x0D
D6: ='LW Calc'!W6 -> LOGIN \x0aDST 0 ADDR:"239.192.0.0"\x0a | E6: ='LW Calc'!X6 -> LOGIN \x0DDST 0 ADDR:"239.192.0.0"\x0D
D7: ='LW Calc'!W7 -> LOGIN \x0aDST 0 ADDR:"239.192.0.0"\x0a | E7: ='LW Calc'!X7 -> LOGIN \x0DDST 0 ADDR:"239.192.0.0"\x0D
D8: ='LW Calc'!W8 -> LOGIN \x0aDST 0 ADDR:"239.192.0.0"\x0a | E8: ='LW Calc'!X8 -> LOGIN \x0DDST 0 ADDR:"239.192.0.0"\x0D
D9: ='LW Calc'!W9 -> LOGIN \x0aDST 0 ADDR:"239.192.0.0"\x0a | E9: ='LW Calc'!X9 -> LOGIN \x0DDST 0 ADDR:"239.192.0.0"\x0D
D10: ='LW Calc'!W10 -> LOGIN \x0aDST 0 ADDR:"239.192.0.0"\x0a | E10: ='LW Calc'!X10 -> LOGIN \x0DDST 0 ADDR:"239.192.0.0"\x0D
D11: ='LW Calc'!W11 -> LOGIN \x0aDST 0 ADDR:"239.192.0.0"\x0a | E11: ='LW Calc'!X11 -> LOGIN \x0DDST 0 ADDR:"239.192.0.0"\x0D
D12: ='LW Calc'!W12 -> LOGIN \x0aDST 0 ADDR:"239.192.0.0"\x0a | E12: ='LW Calc'!X12 -> LOGIN \x0DDST 0 ADDR:"239.192.0.0"\x0D
D13: ='LW Calc'!W13 -> LOGIN \x0aDST 0 ADDR:"239.192.0.0"\x0a | E13: ='LW Calc'!X13 -> LOGIN \x0DDST 0 ADDR:"239.192.0.0"\x0D
D14: ='LW Calc'!W14 -> LOGIN \x0aDST 0 ADDR:"239.192.0.0"\x0a | E14: ='LW Calc'!X14 -> LOGIN \x0DDST 0 ADDR:"239.192.0.0"\x0D
... D27: ='LW Calc'!W27 -> LOGIN \x0aDST 0 ADDR:"239.192.0.0"\x0a | E27: ='LW Calc'!X27 -> LOGIN \x0DDST 0 ADDR:"239.192.0.0"\x0D

Sheet Linux Channl Config
A2: Source Number | B2: Enter Desire Source Name | C2: LW Channel Num | D2: Configuration Line Result
A3: 1 | D3: ='LW Calc'!O3 -> SRC 1 PSNM:"0" RTPE:1 RTPP:240 RTPA:"239.192.0.0" NCHN:2
A4: 2 | D4: ='LW Calc'!O4 -> SRC 2 PSNM:"0" RTPE:1 RTPP:240 RTPA:"239.192.0.0" NCHN:2
A5: 3 | D5: ='LW Calc'!O5 -> SRC 3 PSNM:"0" RTPE:1 RTPP:240 RTPA:"239.192.0.0" NCHN:2
A6: 4 | D6: ='LW Calc'!O6 -> SRC 4 PSNM:"0" RTPE:1 RTPP:240 RTPA:"239.192.0.0" NCHN:2
A7: 5 | D7: ='LW Calc'!O7 -> SRC 5 PSNM:"0" RTPE:1 RTPP:240 RTPA:"239.192.0.0" NCHN:2
A8: 6 | D8: ='LW Calc'!O8 -> SRC 6 PSNM:"0" RTPE:1 RTPP:240 RTPA:"239.192.0.0" NCHN:2
A9: 7 | D9: ='LW Calc'!O9 -> SRC 7 PSNM:"0" RTPE:1 RTPP:240 RTPA:"239.192.0.0" NCHN:2
A10: 8 | D10: ='LW Calc'!O10 -> SRC 8 PSNM:"0" RTPE:1 RTPP:240 RTPA:"239.192.0.0" NCHN:2
A11: 9 | D11: ='LW Calc'!O11 -> SRC 9 PSNM:"0" RTPE:1 RTPP:240 RTPA:"239.192.0.0" NCHN:2
A12: 10 | D12: ='LW Calc'!O12 -> SRC 10 PSNM:"0" RTPE:1 RTPP:240 RTPA:"239.192.0.0" NCHN:2
A13: 11 | D13: ='LW Calc'!O13 -> SRC 11 PSNM:"0" RTPE:1 RTPP:240 RTPA:"239.192.0.0" NCHN:2
A14: 12 | D14: ='LW Calc'!O14 -> SRC 12 PSNM:"0" RTPE:1 RTPP:240 RTPA:"239.192.0.0" NCHN:2
... A26: 24 | D26: ='LW Calc'!O26 -> SRC 24 PSNM:"0" RTPE:1 RTPP:240 RTPA:"239.192.0.0" NCHN:2

Sheet Engine VMIX Source List
A2: Axia Engine VMIX DST List
A4: DST 64 NAME:"VMIX 1 in 1"
A5: DST 65 NAME:"VMIX 1 in 2"
A6: DST 66 NAME:"VMIX 1 in 3"
A7: DST 67 NAME:"VMIX 1 in 4"
A8: DST 68 NAME:"VMIX 1 in 5"
A9: DST 69 NAME:"VMIX 2 in 1"
A10: DST 70 NAME:"VMIX 2 in 2"
A11: DST 71 NAME:"VMIX 2 in 3"
A12: DST 72 NAME:"VMIX 2 in 4"
A13: DST 73 NAME:"VMIX 2 in 5"
A14: DST 74 NAME:"VMIX 3 in 1"
... A83: DST 351 NAME:"VMIX 16 in 5"

Sheet LW Calc
B1: Calculates for Multicast Address | G1: calculatations for LW Channel | K1: Linux SRC Configuration | U1: WO IP MSG Configuration 0a cmd | X1: WO IP MSG Configuration 0D cmd | Y1: Axia Password
K2: SRC# | L2: SRC Name | M2: LW CH Numb | N2: LW CH | U2: Destination Number | V2: Source Number | W2: IP String | X2: IP Sting
A3: =SUBSTITUTE('Find LW Channel'!A3,"239.192.","") | B3: =LEFT(A3,SEARCH(".",A3)-1) -> #VALUE! | C3: =_xlfn.TEXTAFTER(A3,".") -> #N/A | D3: =SUM((B3*256)+C3) -> #VALUE! | G3: =239&"."&192&"."&INT('Find MultiCast Channel'!A3/256)&"."&MOD('Find MultiCast Channel'!A3,256) -> 239.192.0.0 | K3: ='Linux Channl Config'!A3 -> 1 | L3: ='Linux Channl Config'!B3 -> 0 | M3: ='Linux Channl Config'!C3 -> 0 | N3: =239&"."&192&"."&INT(M3/256)&"."&MOD(M3,256) -> 239.192.0.0 | O3: =_xlfn.CONCAT("SRC "&K3&" PSNM:"""&L3&""" RTPE:1 RTPP:240 RTPA:"""&N3&""" NCHN:2") -> SRC 1 PSNM:"0" RTPE:1 RTPP:240 RTPA:"239.192.0.0" NCHN:2 | U3: ='WO IP Message'!A3 -> 0 | V3: =239&"."&192&"."&INT('WO IP Message'!B3/256)&"."&MOD('WO IP Message'!B3,256) -> 239.192.0.0 | W3: =_xlfn.CONCAT("LOGIN "&Y3&"\x0aDST "&U3&" ADDR:"""&V3&"""\x0a") -> LOGIN \x0aDST 0 ADDR:"239.192.0.0"\x0a | X3: =_xlfn.CONCAT("LOGIN "&Y3&"\x0DDST "&U3&" ADDR:"""&V3&"""\x0D") -> LOGIN \x0DDST 0 ADDR:"239.192.0.0"\x0D | Y3: =IF(ISBLANK('WO IP Message'!C3), "", 'WO IP Message'!C3)
A4: =SUBSTITUTE('Find LW Channel'!A4,"239.192.","") | B4: =LEFT(A4,SEARCH(".",A4)-1) -> #VALUE! | C4: =_xlfn.TEXTAFTER(A4,".") -> #N/A | D4: =SUM((B4*256)+C4) -> #VALUE! | G4: =239&"."&192&"."&INT('Find MultiCast Channel'!A4/256)&"."&MOD('Find MultiCast Channel'!A4,256) -> 239.192.0.0 | K4: ='Linux Channl Config'!A4 -> 2 | L4: ='Linux Channl Config'!B4 -> 0 | M4: ='Linux Channl Config'!C4 -> 0 | N4: =239&"."&192&"."&INT(M4/256)&"."&MOD(M4,256) -> 239.192.0.0 | O4: =_xlfn.CONCAT("SRC "&K4&" PSNM:"""&L4&""" RTPE:1 RTPP:240 RTPA:"""&N4&""" NCHN:2") -> SRC 2 PSNM:"0" RTPE:1 RTPP:240 RTPA:"239.192.0.0" NCHN:2 | U4: ='WO IP Message'!A4 -> 0 | V4: =239&"."&192&"."&INT('WO IP Message'!B4/256)&"."&MOD('WO IP Message'!B4,256) -> 239.192.0.0 | W4: =_xlfn.CONCAT("LOGIN "&Y4&"\x0aDST "&U4&" ADDR:"""&V4&"""\x0a") -> LOGIN \x0aDST 0 ADDR:"239.192.0.0"\x0a | X4: =_xlfn.CONCAT("LOGIN "&Y4&"\x0DDST "&U4&" ADDR:"""&V4&"""\x0D") -> LOGIN \x0DDST 0 ADDR:"239.192.0.0"\x0D | Y4: =IF(ISBLANK('WO IP Message'!C4), "", 'WO IP Message'!C4)
A5: =SUBSTITUTE('Find LW Channel'!A5,"239.192.","") | B5: =LEFT(A5,SEARCH(".",A5)-1) -> #VALUE! | C5: =_xlfn.TEXTAFTER(A5,".") -> #N/A | D5: =SUM((B5*256)+C5) -> #VALUE! | G5: =239&"."&192&"."&INT('Find MultiCast Channel'!A5/256)&"."&MOD('Find MultiCast Channel'!A5,256) -> 239.192.0.0 | K5: ='Linux Channl Config'!A5 -> 3 | L5: ='Linux Channl Config'!B5 -> 0 | M5: ='Linux Channl Config'!C5 -> 0 | N5: =239&"."&192&"."&INT(M5/256)&"."&MOD(M5,256) -> 239.192.0.0 | O5: =_xlfn.CONCAT("SRC "&K5&" PSNM:"""&L5&""" RTPE:1 RTPP:240 RTPA:"""&N5&""" NCHN:2") -> SRC 3 PSNM:"0" RTPE:1 RTPP:240 RTPA:"239.192.0.0" NCHN:2 | U5: ='WO IP Message'!A5 -> 0 | V5: =239&"."&192&"."&INT('WO IP Message'!B5/256)&"."&MOD('WO IP Message'!B5,256) -> 239.192.0.0 | W5: =_xlfn.CONCAT("LOGIN "&Y5&"\x0aDST "&U5&" ADDR:"""&V5&"""\x0a") -> LOGIN \x0aDST 0 ADDR:"239.192.0.0"\x0a | X5: =_xlfn.CONCAT("LOGIN "&Y5&"\x0DDST "&U5&" ADDR:"""&V5&"""\x0D") -> LOGIN \x0DDST 0 ADDR:"239.192.0.0"\x0D | Y5: =IF(ISBLANK('WO IP Message'!C5), "", 'WO IP Message'!C5)
A6: =SUBSTITUTE('Find LW Channel'!A6,"239.192.","") | B6: =LEFT(A6,SEARCH(".",A6)-1) -> #VALUE! | C6: =_xlfn.TEXTAFTER(A6,".") -> #N/A | D6: =SUM((B6*256)+C6) -> #VALUE! | G6: =239&"."&192&"."&INT('Find MultiCast Channel'!A6/256)&"."&MOD('Find MultiCast Channel'!A6,256) -> 239.192.0.0 | K6: ='Linux Channl Config'!A6 -> 4 | L6: ='Linux Channl Config'!B6 -> 0 | M6: ='Linux Channl Config'!C6 -> 0 | N6: =239&"."&192&"."&INT(M6/256)&"."&MOD(M6,256) -> 239.192.0.0 | O6: =_xlfn.CONCAT("SRC "&K6&" PSNM:"""&L6&""" RTPE:1 RTPP:240 RTPA:"""&N6&""" NCHN:2") -> SRC 4 PSNM:"0" RTPE:1 RTPP:240 RTPA:"239.192.0.0" NCHN:2 | U6: ='WO IP Message'!A6 -> 0 | V6: =239&"."&192&"."&INT('WO IP Message'!B6/256)&"."&MOD('WO IP Message'!B6,256) -> 239.192.0.0 | W6: =_xlfn.CONCAT("LOGIN "&Y6&"\x0aDST "&U6&" ADDR:"""&V6&"""\x0a") -> LOGIN \x0aDST 0 ADDR:"239.192.0.0"\x0a | X6: =_xlfn.CONCAT("LOGIN "&Y6&"\x0DDST "&U6&" ADDR:"""&V6&"""\x0D") -> LOGIN \x0DDST 0 ADDR:"239.192.0.0"\x0D | Y6: =IF(ISBLANK('WO IP Message'!C6), "", 'WO IP Message'!C6)
A7: =SUBSTITUTE('Find LW Channel'!A7,"239.192.","") | B7: =LEFT(A7,SEARCH(".",A7)-1) -> #VALUE! | C7: =_xlfn.TEXTAFTER(A7,".") -> #N/A | D7: =SUM((B7*256)+C7) -> #VALUE! | G7: =239&"."&192&"."&INT('Find MultiCast Channel'!A7/256)&"."&MOD('Find MultiCast Channel'!A7,256) -> 239.192.0.0 | K7: ='Linux Channl Config'!A7 -> 5 | L7: ='Linux Channl Config'!B7 -> 0 | M7: ='Linux Channl Config'!C7 -> 0 | N7: =239&"."&192&"."&INT(M7/256)&"."&MOD(M7,256) -> 239.192.0.0 | O7: =_xlfn.CONCAT("SRC "&K7&" PSNM:"""&L7&""" RTPE:1 RTPP:240 RTPA:"""&N7&""" NCHN:2") -> SRC 5 PSNM:"0" RTPE:1 RTPP:240 RTPA:"239.192.0.0" NCHN:2 | U7: ='WO IP Message'!A7 -> 0 | V7: =239&"."&192&"."&INT('WO IP Message'!B7/256)&"."&MOD('WO IP Message'!B7,256) -> 239.192.0.0 | W7: =_xlfn.CONCAT("LOGIN "&Y7&"\x0aDST "&U7&" ADDR:"""&V7&"""\x0a") -> LOGIN \x0aDST 0 ADDR:"239.192.0.0"\x0a | X7: =_xlfn.CONCAT("LOGIN "&Y7&"\x0DDST "&U7&" ADDR:"""&V7&"""\x0D") -> LOGIN \x0DDST 0 ADDR:"239.192.0.0"\x0D | Y7: =IF(ISBLANK('WO IP Message'!C7), "", 'WO IP Message'!C7)
A8: =SUBSTITUTE('Find LW Channel'!A8,"239.192.","") | B8: =LEFT(A8,SEARCH(".",A8)-1) -> #VALUE! | C8: =_xlfn.TEXTAFTER(A8,".") -> #N/A | D8: =SUM((B8*256)+C8) -> #VALUE! | G8: =239&"."&192&"."&INT('Find MultiCast Channel'!A8/256)&"."&MOD('Find MultiCast Channel'!A8,256) -> 239.192.0.0 | K8: ='Linux Channl Config'!A8 -> 6 | L8: ='Linux Channl Config'!B8 -> 0 | M8: ='Linux Channl Config'!C8 -> 0 | N8: =239&"."&192&"."&INT(M8/256)&"."&MOD(M8,256) -> 239.192.0.0 | O8: =_xlfn.CONCAT("SRC "&K8&" PSNM:"""&L8&""" RTPE:1 RTPP:240 RTPA:"""&N8&""" NCHN:2") -> SRC 6 PSNM:"0" RTPE:1 RTPP:240 RTPA:"239.192.0.0" NCHN:2 | U8: ='WO IP Message'!A8 -> 0 | V8: =239&"."&192&"."&INT('WO IP Message'!B8/256)&"."&MOD('WO IP Message'!B8,256) -> 239.192.0.0 | W8: =_xlfn.CONCAT("LOGIN "&Y8&"\x0aDST "&U8&" ADDR:"""&V8&"""\x0a") -> LOGIN \x0aDST 0 ADDR:"239.192.0.0"\x0a | X8: =_xlfn.CONCAT("LOGIN "&Y8&"\x0DDST "&U8&" ADDR:"""&V8&"""\x0D") -> LOGIN \x0DDST 0 ADDR:"239.192.0.0"\x0D | Y8: =IF(ISBLANK('WO IP Message'!C8), "", 'WO IP Message'!C8)
A9: =SUBSTITUTE('Find LW Channel'!A9,"239.192.","") | B9: =LEFT(A9,SEARCH(".",A9)-1) -> #VALUE! | C9: =_xlfn.TEXTAFTER(A9,".") -> #N/A | D9: =SUM((B9*256)+C9) -> #VALUE! | G9: =239&"."&192&"."&INT('Find MultiCast Channel'!A9/256)&"."&MOD('Find MultiCast Channel'!A9,256) -> 239.192.0.0 | K9: ='Linux Channl Config'!A9 -> 7 | L9: ='Linux Channl Config'!B9 -> 0 | M9: ='Linux Channl Config'!C9 -> 0 | N9: =239&"."&192&"."&INT(M9/256)&"."&MOD(M9,256) -> 239.192.0.0 | O9: =_xlfn.CONCAT("SRC "&K9&" PSNM:"""&L9&""" RTPE:1 RTPP:240 RTPA:"""&N9&""" NCHN:2") -> SRC 7 PSNM:"0" RTPE:1 RTPP:240 RTPA:"239.192.0.0" NCHN:2 | U9: ='WO IP Message'!A9 -> 0 | V9: =239&"."&192&"."&INT('WO IP Message'!B9/256)&"."&MOD('WO IP Message'!B9,256) -> 239.192.0.0 | W9: =_xlfn.CONCAT("LOGIN "&Y9&"\x0aDST "&U9&" ADDR:"""&V9&"""\x0a") -> LOGIN \x0aDST 0 ADDR:"239.192.0.0"\x0a | X9: =_xlfn.CONCAT("LOGIN "&Y9&"\x0DDST "&U9&" ADDR:"""&V9&"""\x0D") -> LOGIN \x0DDST 0 ADDR:"239.192.0.0"\x0D | Y9: =IF(ISBLANK('WO IP Message'!C9), "", 'WO IP Message'!C9)
A10: =SUBSTITUTE('Find LW Channel'!A10,"239.192.","") | B10: =LEFT(A10,SEARCH(".",A10)-1) -> #VALUE! | C10: =_xlfn.TEXTAFTER(A10,".") -> #N/A | D10: =SUM((B10*256)+C10) -> #VALUE! | G10: =239&"."&192&"."&INT('Find MultiCast Channel'!A10/256)&"."&MOD('Find MultiCast Channel'!A10,256) -> 239.192.0.0 | K10: ='Linux Channl Config'!A10 -> 8 | L10: ='Linux Channl Config'!B10 -> 0 | M10: ='Linux Channl Config'!C10 -> 0 | N10: =239&"."&192&"."&INT(M10/256)&"."&MOD(M10,256) -> 239.192.0.0 | O10: =_xlfn.CONCAT("SRC "&K10&" PSNM:"""&L10&""" RTPE:1 RTPP:240 RTPA:"""&N10&""" NCHN:2") -> SRC 8 PSNM:"0" RTPE:1 RTPP:240 RTPA:"239.192.0.0" NCHN:2 | U10: ='WO IP Message'!A10 -> 0 | V10: =239&"."&192&"."&INT('WO IP Message'!B10/256)&"."&MOD('WO IP Message'!B10,256) -> 239.192.0.0 | W10: =_xlfn.CONCAT("LOGIN "&Y10&"\x0aDST "&U10&" ADDR:"""&V10&"""\x0a") -> LOGIN \x0aDST 0 ADDR:"239.192.0.0"\x0a | X10: =_xlfn.CONCAT("LOGIN "&Y10&"\x0DDST "&U10&" ADDR:"""&V10&"""\x0D") -> LOGIN \x0DDST 0 ADDR:"239.192.0.0"\x0D | Y10: =IF(ISBLANK('WO IP Message'!C10), "", 'WO IP Message'!C10)
A11: =SUBSTITUTE('Find LW Channel'!A11,"239.192.","") | B11: =LEFT(A11,SEARCH(".",A11)-1) -> #VALUE! | C11: =_xlfn.TEXTAFTER(A11,".") -> #N/A | D11: =SUM((B11*256)+C11) -> #VALUE! | G11: =239&"."&192&"."&INT('Find MultiCast Channel'!A11/256)&"."&MOD('Find MultiCast Channel'!A11,256) -> 239.192.0.0 | K11: ='Linux Channl Config'!A11 -> 9 | L11: ='Linux Channl Config'!B11 -> 0 | M11: ='Linux Channl Config'!C11 -> 0 | N11: =239&"."&192&"."&INT(M11/256)&"."&MOD(M11,256) -> 239.192.0.0 | O11: =_xlfn.CONCAT("SRC "&K11&" PSNM:"""&L11&""" RTPE:1 RTPP:240 RTPA:"""&N11&""" NCHN:2") -> SRC 9 PSNM:"0" RTPE:1 RTPP:240 RTPA:"239.192.0.0" NCHN:2 | U11: ='WO IP Message'!A11 -> 0 | V11: =239&"."&192&"."&INT('WO IP Message'!B11/256)&"."&MOD('WO IP Message'!B11,256) -> 239.192.0.0 | W11: =_xlfn.CONCAT("LOGIN "&Y11&"\x0aDST "&U11&" ADDR:"""&V11&"""\x0a") -> LOGIN \x0aDST 0 ADDR:"239.192.0.0"\x0a | X11: =_xlfn.CONCAT("LOGIN "&Y11&"\x0DDST "&U11&" ADDR:"""&V11&"""\x0D") -> LOGIN \x0DDST 0 ADDR:"239.192.0.0"\x0D | Y11: =IF(ISBLANK('WO IP Message'!C11), "", 'WO IP Message'!C11)
A12: =SUBSTITUTE('Find LW Channel'!A12,"239.192.","") | B12: =LEFT(A12,SEARCH(".",A12)-1) -> #VALUE! | C12: =_xlfn.TEXTAFTER(A12,".") -> #N/A | D12: =SUM((B12*256)+C12) -> #VALUE! | G12: =239&"."&192&"."&INT('Find MultiCast Channel'!A12/256)&"."&MOD('Find MultiCast Channel'!A12,256) -> 239.192.0.0 | K12: ='Linux Channl Config'!A12 -> 10 | L12: ='Linux Channl Config'!B12 -> 0 | M12: ='Linux Channl Config'!C12 -> 0 | N12: =239&"."&192&"."&INT(M12/256)&"."&MOD(M12,256) -> 239.192.0.0 | O12: =_xlfn.CONCAT("SRC "&K12&" PSNM:"""&L12&""" RTPE:1 RTPP:240 RTPA:"""&N12&""" NCHN:2") -> SRC 10 PSNM:"0" RTPE:1 RTPP:240 RTPA:"239.192.0.0" NCHN:2 | U12: ='WO IP Message'!A12 -> 0 | V12: =239&"."&192&"."&INT('WO IP Message'!B12/256)&"."&MOD('WO IP Message'!B12,256) -> 239.192.0.0 | W12: =_xlfn.CONCAT("LOGIN "&Y12&"\x0aDST "&U12&" ADDR:"""&V12&"""\x0a") -> LOGIN \x0aDST 0 ADDR:"239.192.0.0"\x0a | X12: =_xlfn.CONCAT("LOGIN "&Y12&"\x0DDST "&U12&" ADDR:"""&V12&"""\x0D") -> LOGIN \x0DDST 0 ADDR:"239.192.0.0"\x0D | Y12: =IF(ISBLANK('WO IP Message'!C12), "", 'WO IP Message'!C12)
A13: =SUBSTITUTE('Find LW Channel'!A13,"239.192.","") | B13: =LEFT(A13,SEARCH(".",A13)-1) -> #VALUE! | C13: =_xlfn.TEXTAFTER(A13,".") -> #N/A | D13: =SUM((B13*256)+C13) -> #VALUE! | G13: =239&"."&192&"."&INT('Find MultiCast Channel'!A13/256)&"."&MOD('Find MultiCast Channel'!A13,256) -> 239.192.0.0 | K13: ='Linux Channl Config'!A13 -> 11 | L13: ='Linux Channl Config'!B13 -> 0 | M13: ='Linux Channl Config'!C13 -> 0 | N13: =239&"."&192&"."&INT(M13/256)&"."&MOD(M13,256) -> 239.192.0.0 | O13: =_xlfn.CONCAT("SRC "&K13&" PSNM:"""&L13&""" RTPE:1 RTPP:240 RTPA:"""&N13&""" NCHN:2") -> SRC 11 PSNM:"0" RTPE:1 RTPP:240 RTPA:"239.192.0.0" NCHN:2 | U13: ='WO IP Message'!A13 -> 0 | V13: =239&"."&192&"."&INT('WO IP Message'!B13/256)&"."&MOD('WO IP Message'!B13,256) -> 239.192.0.0 | W13: =_xlfn.CONCAT("LOGIN "&Y13&"\x0aDST "&U13&" ADDR:"""&V13&"""\x0a") -> LOGIN \x0aDST 0 ADDR:"239.192.0.0"\x0a | X13: =_xlfn.CONCAT("LOGIN "&Y13&"\x0DDST "&U13&" ADDR:"""&V13&"""\x0D") -> LOGIN \x0DDST 0 ADDR:"239.192.0.0"\x0D | Y13: =IF(ISBLANK('WO IP Message'!C13), "", 'WO IP Message'!C13)
A14: =SUBSTITUTE('Find LW Channel'!A14,"239.192.","") | B14: =LEFT(A14,SEARCH(".",A14)-1) -> #VALUE! | C14: =_xlfn.TEXTAFTER(A14,".") -> #N/A | D14: =SUM((B14*256)+C14) -> #VALUE! | G14: =239&"."&192&"."&INT('Find MultiCast Channel'!A14/256)&"."&MOD('Find MultiCast Channel'!A14,256) -> 239.192.0.0 | K14: ='Linux Channl Config'!A14 -> 12 | L14: ='Linux Channl Config'!B14 -> 0 | M14: ='Linux Channl Config'!C14 -> 0 | N14: =239&"."&192&"."&INT(M14/256)&"."&MOD(M14,256) -> 239.192.0.0 | O14: =_xlfn.CONCAT("SRC "&K14&" PSNM:"""&L14&""" RTPE:1 RTPP:240 RTPA:"""&N14&""" NCHN:2") -> SRC 12 PSNM:"0" RTPE:1 RTPP:240 RTPA:"239.192.0.0" NCHN:2 | U14: ='WO IP Message'!A14 -> 0 | V14: =239&"."&192&"."&INT('WO IP Message'!B14/256)&"."&MOD('WO IP Message'!B14,256) -> 239.192.0.0 | W14: =_xlfn.CONCAT("LOGIN "&Y14&"\x0aDST "&U14&" ADDR:"""&V14&"""\x0a") -> LOGIN \x0aDST 0 ADDR:"239.192.0.0"\x0a | X14: =_xlfn.CONCAT("LOGIN "&Y14&"\x0DDST "&U14&" ADDR:"""&V14&"""\x0D") -> LOGIN \x0DDST 0 ADDR:"239.192.0.0"\x0D | Y14: =IF(ISBLANK('WO IP Message'!C14), "", 'WO IP Message'!C14)
... A27: =SUBSTITUTE('Find LW Channel'!A27,"239.192.","") | B27: =LEFT(A27,SEARCH(".",A27)-1) -> #VALUE! | C27: =_xlfn.TEXTAFTER(A27,".") -> #N/A | D27: =SUM((B27*256)+C27) -> #VALUE! | G27: =239&"."&192&"."&INT('Find MultiCast Channel'!A27/256)&"."&MOD('Find MultiCast Channel'!A27,256) -> 239.192.0.0 | K27: ='Linux Channl Config'!A27 -> 0 | L27: ='Linux Channl Config'!B27 -> 0 | M27: ='Linux Channl Config'!C27 -> 0 | N27: =239&"."&192&"."&INT(M27/256)&"."&MOD(M27,256) -> 239.192.0.0 | O27: =_xlfn.CONCAT("SRC "&K27&" PSNM:"""&L27&""" RTPE:1 RTPP:240 RTPA:"""&N27&""" NCHN:2") -> SRC 0 PSNM:"0" RTPE:1 RTPP:240 RTPA:"239.192.0.0" NCHN:2 | U27: ='WO IP Message'!A27 -> 0 | V27: =239&"."&192&"."&INT('WO IP Message'!B27/256)&"."&MOD('WO IP Message'!B27,256) -> 239.192.0.0 | W27: =_xlfn.CONCAT("LOGIN "&Y27&"\x0aDST "&U27&" ADDR:"""&V27&"""\x0a") -> LOGIN \x0aDST 0 ADDR:"239.192.0.0"\x0a | X27: =_xlfn.CONCAT("LOGIN "&Y27&"\x0DDST "&U27&" ADDR:"""&V27&"""\x0D") -> LOGIN \x0DDST 0 ADDR:"239.192.0.0"\x0D | Y27: =IF(ISBLANK('WO IP Message'!C27), "", 'WO IP Message'!C27)
